"namespace","key","english_text","placeholders","translation","notes"
"IG_UI","IGUI_ItemCat_Ammunition","Ammunition","","",""
"IG_UI","IGUI_ItemCat_Appearance","Appearance","","",""
"IG_UI","IGUI_ItemCat_Breathing","Breathing","","",""
"IG_UI","IGUI_ItemCat_Cleaning","Cleaning","","",""
"IG_UI","IGUI_ItemCat_ClothAccBelt","Clothing - Accessory - Belt","","",""
"IG_UI","IGUI_ItemCat_ClothAccessory","Clothing - Accessory","","",""
"IG_UI","IGUI_ItemCat_ClothAccNeck","Clothing - Accessory - Neck","","",""
"IG_UI","IGUI_ItemCat_ClothAccScarf","Clothing - Accessory - Scarf","","",""
"IG_UI","IGUI_ItemCat_ClothAccTail","Clothing - Accessory - Tail","","",""
"IG_UI","IGUI_ItemCat_ClothBag","Clothing - Bag","","",""
"IG_UI","IGUI_ItemCat_ClothBagBack","Clothing - Bag - Backpack","","",""
"IG_UI","IGUI_ItemCat_ClothBagBelt","Clothing - Bag - Belt","","",""
"IG_UI","IGUI_ItemCat_ClothBody","Clothing - Body","","",""
"IG_UI","IGUI_ItemCat_ClothBodyExtra","Clothing - Body - Extra","","",""
"IG_UI","IGUI_ItemCat_ClothBodyFullSuit","Clothing - Body - Full Suit","","",""
"IG_UI","IGUI_ItemCat_ClothBodyFullTop","Clothing - Body - Full Top","","",""
"IG_UI","IGUI_ItemCat_ClothBodyJacket","Clothing - Body - Jacket","","",""
"IG_UI","IGUI_ItemCat_ClothBodyShirt","Clothing - Body - Shirt","","",""
"IG_UI","IGUI_ItemCat_ClothBodySweater","Clothing - Body - Sweater","","",""
"IG_UI","IGUI_ItemCat_ClothBodyTank","Clothing - Body - Tank Top","","",""
"IG_UI","IGUI_ItemCat_ClothBodyTshirt","Clothing - Body - T-Shirt","","",""
"IG_UI","IGUI_ItemCat_ClothFeet","Clothing - Feet","","",""
"IG_UI","IGUI_ItemCat_ClothFeetShoes","Clothing - Feet - Shoes","","",""
"IG_UI","IGUI_ItemCat_ClothFeetSocks","Clothing - Feet - Socks","","",""
"IG_UI","IGUI_ItemCat_ClothHands","Clothing - Hands","","",""
"IG_UI","IGUI_ItemCat_ClothHandsGloves","Clothing - Hands - Gloves","","",""
"IG_UI","IGUI_ItemCat_ClothHandsWrist","Clothing - Hands - Wrists","","",""
"IG_UI","IGUI_ItemCat_ClothHead","Clothing - Head","","",""
"IG_UI","IGUI_ItemCat_ClothHeadEyes","Clothing - Head - Eyes","","",""
"IG_UI","IGUI_ItemCat_ClothHeadFullHat","Clothing - Head - Full Hat","","",""
"IG_UI","IGUI_ItemCat_ClothHeadGlasses","Clothing - Head - Glasses","","",""
"IG_UI","IGUI_ItemCat_ClothHeadHat","Clothing - Head - Hat","","",""
"IG_UI","IGUI_ItemCat_ClothHeadMask","Clothing - Head - Mask","","",""
"IG_UI","IGUI_ItemCat_ClothJewEar","Clothing - Jewelry - Earrings","","",""
"IG_UI","IGUI_ItemCat_ClothJewelry","Clothing - Jewelry","","",""
"IG_UI","IGUI_ItemCat_ClothJewGroin","Clothing - Jewelry - Groin","","",""
"IG_UI","IGUI_ItemCat_ClothJewNeck","Clothing - Jewelry - Necklace","","",""
"IG_UI","IGUI_ItemCat_ClothJewNose","Clothing - Jewelry - Nose","","",""
"IG_UI","IGUI_ItemCat_ClothJewRings","Clothing - Jewelry - Rings","","",""
"IG_UI","IGUI_ItemCat_ClothLegs","Clothing - Legs","","",""
"IG_UI","IGUI_ItemCat_ClothLegsFull","Clothing - Legs - Full","","",""
"IG_UI","IGUI_ItemCat_ClothLegsPants","Clothing - Legs - Pants","","",""
"IG_UI","IGUI_ItemCat_ClothLegsSkirt","Clothing - Legs - Skirt","","",""
"IG_UI","IGUI_ItemCat_ClothMisc","Clothing - Misc","","",""
"IG_UI","IGUI_ItemCat_ClothUnderBottom","Clothing - Underwear - Bottom","","",""
"IG_UI","IGUI_ItemCat_ClothUnderExtra","Clothing - Underwear - Extra","","",""
"IG_UI","IGUI_ItemCat_ClothUnderTop","Clothing - Underwear - Top","","",""
"IG_UI","IGUI_ItemCat_ClothUnderwear","Clothing - Underwear","","",""
"IG_UI","IGUI_ItemCat_Container","Container","","",""
"IG_UI","IGUI_ItemCat_ContainerBackpack","Container - Backpack","","",""
"IG_UI","IGUI_ItemCat_ContainerBag","Container - Bag","","",""
"IG_UI","IGUI_ItemCat_ContainerEmpty","Container - Empty","","",""
"IG_UI","IGUI_ItemCat_ContainerFanny","Container - Fanny Pack","","",""
"IG_UI","IGUI_ItemCat_ContainerFirearm","Container - Firearm","","",""
"IG_UI","IGUI_ItemCat_Cooking","Cooking","","",""
"IG_UI","IGUI_ItemCat_CraftAmmo","Crafting - Ammunition","","",""
"IG_UI","IGUI_ItemCat_CraftCarpentry","Crafting - Carpentry","","",""
"IG_UI","IGUI_ItemCat_CraftElectronics","Crafting - Electronics","","",""
"IG_UI","IGUI_ItemCat_Crafting","Crafting","","",""
"IG_UI","IGUI_ItemCat_CraftKnapping","Crafting - Knapping","","",""
"IG_UI","IGUI_ItemCat_CraftMasonry","Crafting - Masonry","","",""
"IG_UI","IGUI_ItemCat_CraftMetal","Crafting - Metalworking","","",""
"IG_UI","IGUI_ItemCat_CraftTailoring","Crafting - Tailoring","","",""
"IG_UI","IGUI_ItemCat_Drugs","Drugs","","",""
"IG_UI","IGUI_ItemCat_Electronics","Electronics","","",""
"IG_UI","IGUI_ItemCat_FirstAid","First Aid","","",""
"IG_UI","IGUI_ItemCat_FoodAlcBeer","Food - Alcohol - Beer","","",""
"IG_UI","IGUI_ItemCat_FoodAlcBeverage","Food - Alcoholic Beverage","","",""
"IG_UI","IGUI_ItemCat_FoodAlcDrink","Food - Alcoholic Drink","","",""
"IG_UI","IGUI_ItemCat_FoodAlcLiquor","Food - Alcohol - Liquor","","",""
"IG_UI","IGUI_ItemCat_FoodAlcohol","Food - Alcohol","","",""
"IG_UI","IGUI_ItemCat_FoodAlcWine","Food - Alcohol - Wine","","",""
"IG_UI","IGUI_ItemCat_FoodBeverage","Food - Beverage","","",""
"IG_UI","IGUI_ItemCat_FoodCanned","Food - Non-Perishable - Can","","",""
"IG_UI","IGUI_ItemCat_FoodIceCream","Food - Ice Cream","","",""
"IG_UI","IGUI_ItemCat_FoodMeal","Food - Meal","","",""
"IG_UI","IGUI_ItemCat_FoodMilk","Food - Milk","","",""
"IG_UI","IGUI_ItemCat_FoodNonPerish","Food - Non-Perishable","","",""
"IG_UI","IGUI_ItemCat_FoodNonPerishSpice","Food - Non-Perishable - Spice","","",""
"IG_UI","IGUI_ItemCat_FoodPerish","Food - Perishable","","",""
"IG_UI","IGUI_ItemCat_FoodPerishSpice","Food - Perishable - Spice","","",""
"IG_UI","IGUI_ItemCat_FoodSpice","Food - Spice","","",""
"IG_UI","IGUI_ItemCat_FoodWater","Food - Water","","",""
"IG_UI","IGUI_ItemCat_Fuel","Fuel","","",""
"IG_UI","IGUI_ItemCat_Furniture","Furniture","","",""
"IG_UI","IGUI_ItemCat_Junk","Junk","","",""
"IG_UI","IGUI_ItemCat_Key","Key","","",""
"IG_UI","IGUI_ItemCat_LightSource","Light Source","","",""
"IG_UI","IGUI_ItemCat_LitCartography","Literature - Cartography","","",""
"IG_UI","IGUI_ItemCat_LitEntertainment","Literature - Entertainment","","",""
"IG_UI","IGUI_ItemCat_LitHolder","Literature - Holder","","",""
"IG_UI","IGUI_ItemCat_LitMisc","Literature - Misc","","",""
"IG_UI","IGUI_ItemCat_LitRecipe","Literature - Recipe","","",""
"IG_UI","IGUI_ItemCat_LitSchematic","Literature - Schematic","","",""
"IG_UI","IGUI_ItemCat_LitSkill","Literature - Skill","","",""
"IG_UI","IGUI_ItemCat_LitWriting","Literature - Writing","","",""
"IG_UI","IGUI_ItemCat_Mechanics","Mechanics","","",""
"IG_UI","IGUI_ItemCat_MediaAudio","Media - Audio","","",""
"IG_UI","IGUI_ItemCat_MediaGame","Media - Game","","",""
"IG_UI","IGUI_ItemCat_MediaVideo","Media - Video","","",""
"IG_UI","IGUI_ItemCat_Paint","Paint","","",""
"IG_UI","IGUI_ItemCat_Plushie","Plushie","","",""
"IG_UI","IGUI_ItemCat_ProtGearArms","Protective Gear - Arms","","",""
"IG_UI","IGUI_ItemCat_ProtGearBody","Protective Gear - Body","","",""
"IG_UI","IGUI_ItemCat_ProtGearFeet","Protective Gear - Feet","","",""
"IG_UI","IGUI_ItemCat_ProtGearHands","Protective Gear - Hands","","",""
"IG_UI","IGUI_ItemCat_ProtGearHead","Protective Gear - Head","","",""
"IG_UI","IGUI_ItemCat_ProtGearLegs","Protective Gear - Legs","","",""
"IG_UI","IGUI_ItemCat_ProtGearMisc","Protective Gear - Misc","","",""
"IG_UI","IGUI_ItemCat_Specimen","Specimen","","",""
"IG_UI","IGUI_ItemCat_SurvivalCamping","Survival - Camping","","",""
"IG_UI","IGUI_ItemCat_SurvivalFarming","Survival - Farming","","",""
"IG_UI","IGUI_ItemCat_SurvivalFishing","Survival - Fishing","","",""
"IG_UI","IGUI_ItemCat_SurvivalTrapping","Survival - Trapping","","",""
"IG_UI","IGUI_ItemCat_TacticalGear","Tactical Gear","","",""
"IG_UI","IGUI_ItemCat_Tool","Tool","","",""
"IG_UI","IGUI_ItemCat_WeaponBomb","Weapon - Bomb","","",""
"IG_UI","IGUI_ItemCat_WeaponFirearm","Weapon - Firearm","","",""
"IG_UI","IGUI_ItemCat_WeaponMagazine","Weapon - Magazine","","",""
"IG_UI","IGUI_ItemCat_WeaponMelee","Weapon - Melee","","",""
"IG_UI","IGUI_ItemCat_WeaponPart","Weapon - Part","","",""
"IG_UI","IGUI_ItemCat_WeaponShield","Weapon - Shield","","",""
"UI","UI_Sorted_allItems","All Items","","",""
"UI","UI_Sorted_apply","Apply","","",""
"UI","UI_Sorted_applyToSelected","Apply to Selected","","",""
"UI","UI_Sorted_assignCategory","Assign Category","","",""
"UI","UI_Sorted_cancel","Cancel","","",""
"UI","UI_Sorted_categoryManager","Category Manager","","",""
"UI","UI_Sorted_changeCategoryFor","Change display category for:","","",""
"UI","UI_Sorted_chooseCategory","Choose category:","","",""
"UI","UI_Sorted_clearSelection","Clear","","",""
"UI","UI_Sorted_defaultCategory","Default category: %s","%s","",""
"UI","UI_Sorted_openManager","Open Category Manager","","",""
"UI","UI_Sorted_orTypeCustom","Or type custom category:","","",""
"UI","UI_Sorted_resetToDefault","Reset to default category","","",""
"UI","UI_Sorted_savedCategory","Saved category: %s","%s","",""
"UI","UI_Sorted_search","Search:","","",""
"UI","UI_Sorted_selectedItems","Selected Items","","",""
"UI","UI_Sorted_warningCheckbox","I understand, do not show this message again.","","",""
"UI","UI_Sorted_warningTitle1","WARNING! The applied changes aren't immediate.","","",""
"UI","UI_Sorted_warningTitle2","Category change: You need to reload the save for them to take effect.","","",""
"UI","UI_Sorted_warningTitle3","New category: You need to REBOOT the game for them to take effect.","","",""
